{
    "cumulative_model_updates": 1314,
    "cumulative_timesteps": 30124800,
    "epoch": 450,
    "reward_running_stats": {
        "count": 22500,
        "mean": [
            1.3384050305690658
        ],
        "shape": 1,
        "var": [
            661672.6323337234
        ]
    },
    "run_id": "h5g2p1rt"
}