{
    "cumulative_model_updates": 1341,
    "cumulative_timesteps": 30726432,
    "epoch": 459,
    "reward_running_stats": {
        "count": 22950,
        "mean": [
            1.3889740664732315
        ],
        "shape": 1,
        "var": [
            671543.2588446524
        ]
    },
    "run_id": "h5g2p1rt"
}